{
  "voltage_changes": [
    -0.0014294124962284105,
    -0.00412609115439122,
    -0.00969952175099964,
    -0.01892336924731275,
    -0.026268508715607486,
    -0.02792480434805833,
    -0.026553573091072646,
    -0.025731491331314915,
    -0.012535711430007535,
    -0.01760322139497339,
    -0.02111355473100507,
    -0.01974924195183614,
    -0.01735541992054257,
    -0.016267691829949804,
    -0.009388051705456979,
    -0.006116535730418926,
    -0.00671924437109106,
    -0.007871155926556073,
    -0.002250256822069918,
    -0.0012271757725358379,
    -0.0043058742296997465,
    -0.0023057426049291063,
    -0.0023865522149157936,
    -0.005575079923773707,
    -0.00366997428806326,
    -0.004210058500227376,
    -0.005481995682982355,
    -0.002180849212720437,
    -0.001496502549245493,
    8.992806499463768e-13,
    -0.06694940459994614,
    1.9106938253798944e-13,
    1.7779111516347257e-12,
    2.1027624086400465e-12,
    1.4206413823103503e-12,
    1.1532996779806126e-12,
    9.880984919163893e-13,
    7.565059689795817e-13,
    0.0
  ],
  "angle_changes": [
    -0.8432441139098779,
    -2.2095288909149726,
    -2.655117185590087,
    -3.2100189566865067,
    -3.4638438535086795,
    -3.5583330119447343,
    -3.3877218419801007,
    -3.267807539047647,
    -1.2432035070143166,
    -3.3052401931446784,
    -3.3799554254004116,
    -3.3273772116643627,
    -3.2717701225047735,
    -3.1805576142756484,
    -2.952567315820999,
    -2.83700725797896,
    -2.746976717284265,
    -2.7177465787531423,
    -2.8130396608230526,
    -2.819204806222081,
    -2.8189238871756306,
    -2.796815720577418,
    -2.7975642434654495,
    -2.8371347388922747,
    -2.3088684498764227,
    -2.525352736575657,
    -2.636175488633382,
    -2.5113729826736937,
    -2.5044993195948884,
    -2.1999609352845906,
    -5.895313791293585,
    -3.1635719985274355,
    -2.8078903533079105,
    -2.8163183273089567,
    -2.7858629055773045,
    -2.7819173635127363,
    -2.290308857344365,
    -2.498340860786282,
    0.0
  ],
  "line_power_changes": [
    63.595214792432856,
    -63.59521479240233,
    51.559033177782226,
    11.842628746775034,
    42.788741263645306,
    8.005861402344308,
    38.56593190025161,
    3.831929864050892,
    78.97926295955833,
    -40.41200140606904,
    -47.852859182550105,
    -23.092639723342472,
    -47.7012522378256,
    -87.97649639798115,
    -89.29036085639544,
    21.632798088048446,
    -21.632798077135675,
    -23.511836923942724,
    -19.628507957300307,
    -19.6973247196201,
    -20.13722187470225,
    0.11668710299744589,
    0.06526882751529683,
    0.01737630149347069,
    -8.019887047595887,
    -12.072288439449306,
    0.05967071287989256,
    0.019083191029075408,
    0.009675916973719723,
    12.288538475285591,
    12.207013474222776,
    -0.04203463420904541,
    0.05206273768305891,
    -0.04271202593514545,
    0.0,
    0.0,
    0.0,
    0.0,
    0.0,
    0.0,
    0.0,
    0.0,
    0.0,
    0.0,
    0.0,
    0.0
  ],
  "generator_dispatch_changes": [
    0.0,
    0.0,
    0.0,
    0.0,
    0.0,
    0.0,
    0.0,
    0.0,
    0.0,
    0.0
  ]
}